Date,Open,High,Low,Close,Volume,Adj Close
2017-01-13,11.21,11.31,11.16,11.24,159100,11.24
2017-01-12,11.53,11.53,11.48,11.51,33300,11.51
2017-01-11,11.40,11.60,11.34,11.59,209700,11.59
2017-01-10,11.63,11.67,11.46,11.52,31700,11.52
2017-01-09,11.46,11.50,11.37,11.43,79800,11.43
2017-01-06,11.69,11.77,11.65,11.69,32600,11.69
2017-01-05,11.77,11.81,11.65,11.80,52400,11.80
2017-01-04,11.78,11.95,11.75,11.92,63400,11.92
2017-01-03,12.10,12.24,11.89,11.91,391400,11.91
2016-12-30,11.51,11.63,11.49,11.58,135600,11.58
2016-12-29,11.56,11.63,11.51,11.53,147200,11.53
2016-12-28,11.57,11.60,11.44,11.46,108900,11.46
2016-12-27,11.42,11.58,11.41,11.50,163500,11.50
2016-12-23,11.37,11.40,11.27,11.38,55100,11.38
2016-12-22,11.51,11.52,11.37,11.43,1242300,11.43
2016-12-21,11.90,11.90,11.58,11.60,1093400,11.60
2016-12-20,11.75,11.83,11.73,11.74,61100,11.74
2016-12-19,11.64,11.68,11.53,11.55,84400,11.55
2016-12-16,11.65,11.71,11.44,11.45,246400,11.45
2016-12-15,11.39,11.67,11.37,11.66,67400,11.66
2016-12-14,11.65,11.69,11.40,11.42,153000,11.42
2016-12-13,11.95,12.04,11.88,12.00,306900,12.00
2016-12-12,11.84,11.94,11.77,11.79,336800,11.79
2016-12-09,11.09,11.25,11.09,11.23,170500,11.23
2016-12-08,10.85,11.10,10.85,11.01,270500,11.01
2016-12-07,10.23,10.42,10.23,10.39,483200,10.39
2016-12-06,10.29,10.30,10.22,10.30,156100,10.30
2016-12-05,10.45,10.48,10.38,10.39,158800,10.39
2016-12-02,10.14,10.28,10.14,10.24,230700,10.24
2016-12-01,10.16,10.18,10.05,10.06,111700,10.06
2016-11-30,10.08,11.11,10.02,10.09,370700,10.09
2016-11-29,9.89,9.97,9.85,9.92,373700,9.92
2016-11-28,10.15,10.18,10.09,10.12,126500,10.12
2016-11-25,10.23,10.26,10.17,10.19,115200,10.19
2016-11-23,9.87,9.93,9.83,9.92,578800,9.92
2016-11-22,9.94,9.98,9.87,9.97,482200,9.97
2016-11-21,9.78,9.81,9.77,9.81,110000,9.81
2016-11-18,9.55,9.57,9.49,9.51,27100,9.51
2016-11-17,9.55,9.61,9.47,9.51,62700,9.51
2016-11-16,9.48,9.54,9.42,9.50,116900,9.50
2016-11-15,9.46,9.66,9.45,9.59,97200,9.59
2016-11-14,9.32,9.39,9.26,9.39,84300,9.39
2016-11-11,9.52,9.54,9.43,9.53,117500,9.53
2016-11-10,9.87,9.91,9.66,9.66,396200,9.66
2016-11-09,9.63,9.79,9.63,9.76,142500,9.76
2016-11-08,9.37,9.47,9.35,9.42,70100,9.42
2016-11-07,9.18,9.27,9.18,9.27,70600,9.27
2016-11-04,8.92,8.98,8.87,8.93,77200,8.93
2016-11-03,9.09,9.13,9.05,9.10,68300,9.10
2016-11-02,9.21,9.27,9.10,9.15,83200,9.15
2016-11-01,9.48,9.48,9.28,9.31,82200,9.31
2016-10-31,9.52,9.52,9.46,9.50,108400,9.50
2016-10-28,9.60,9.64,9.55,9.55,95800,9.55
2016-10-27,9.77,9.77,9.69,9.69,305500,9.69
2016-10-26,9.80,9.83,9.73,9.74,633500,9.74
2016-10-25,9.94,9.97,9.90,9.94,323900,9.94
2016-10-24,9.79,9.79,9.72,9.75,67500,9.75
2016-10-21,9.68,9.75,9.64,9.74,77800,9.74
2016-10-20,9.68,9.74,9.67,9.67,69400,9.67
2016-10-19,9.66,9.73,9.65,9.73,36500,9.73
2016-10-18,9.58,9.60,9.55,9.56,139500,9.56
2016-10-17,9.46,9.49,9.41,9.41,56000,9.41
2016-10-14,9.54,9.56,9.44,9.47,29300,9.47
2016-10-13,9.42,9.53,9.40,9.53,669700,9.53
2016-10-12,9.69,9.71,9.64,9.64,216300,9.64
2016-10-11,9.97,9.97,9.84,9.88,73900,9.88
2016-10-10,9.89,9.97,9.89,9.95,100800,9.95
2016-10-07,9.85,9.88,9.73,9.75,164000,9.75
2016-10-06,9.77,9.82,9.75,9.81,317200,9.81
2016-10-05,9.63,9.72,9.63,9.68,153500,9.68
2016-10-04,9.70,9.76,9.56,9.58,131800,9.58
2016-10-03,9.71,9.74,9.64,9.69,87400,9.69
2016-09-30,9.44,9.50,9.34,9.42,281800,9.42
2016-09-29,9.59,9.63,9.44,9.51,335100,9.51
2016-09-28,9.50,9.61,9.37,9.60,320700,9.60
2016-09-27,9.48,9.49,9.43,9.45,108200,9.45
2016-09-26,9.60,9.61,9.52,9.53,142900,9.53
2016-09-23,9.73,9.73,9.63,9.63,110700,9.63
2016-09-22,9.96,10.00,9.89,9.89,112500,9.89
2016-09-21,9.64,9.75,9.61,9.75,60700,9.75
2016-09-20,9.39,9.53,9.38,9.53,107800,9.53
2016-09-19,9.46,9.49,9.39,9.45,34800,9.45
2016-09-16,9.43,9.45,9.36,9.36,33100,9.36
2016-09-15,9.40,9.50,9.40,9.50,50800,9.50
2016-09-14,9.48,9.59,9.48,9.51,29700,9.51
2016-09-13,9.51,9.57,9.46,9.47,102000,9.47
2016-09-12,9.51,9.72,9.50,9.70,38100,9.70
2016-09-09,9.77,9.77,9.64,9.68,61700,9.68
2016-09-08,9.96,10.01,9.86,9.94,124800,9.94
2016-09-07,9.96,9.97,9.89,9.90,139700,9.90
2016-09-06,9.62,9.72,9.61,9.68,130200,9.68
2016-09-02,9.25,9.36,9.25,9.35,169000,9.35
2016-09-01,9.14,9.15,9.07,9.11,17100,9.11
2016-08-31,9.11,9.11,9.07,9.07,52900,9.07
2016-08-30,9.20,9.20,9.12,9.14,46900,9.14
2016-08-29,9.22,9.22,9.09,9.16,59200,9.16
2016-08-26,9.24,9.35,9.21,9.23,71700,9.23
2016-08-25,9.00,9.13,9.00,9.11,170500,9.11
2016-08-24,8.85,8.90,8.82,8.82,30500,8.82
2016-08-23,8.90,8.98,8.86,8.90,62400,8.90
2016-08-22,8.63,8.69,8.63,8.64,52200,8.64
2016-08-19,8.69,8.71,8.66,8.69,343000,8.69
2016-08-18,8.77,8.86,8.77,8.80,114600,8.80
2016-08-17,8.94,9.00,8.84,9.00,206300,9.00
2016-08-16,8.94,8.99,8.93,8.96,25300,8.96
2016-08-15,9.01,9.01,8.96,9.00,32000,9.00
2016-08-12,8.96,8.96,8.87,8.88,33500,8.88
2016-08-11,8.93,9.07,8.93,9.05,81100,9.05
2016-08-10,8.94,9.01,8.82,8.82,284600,8.82
2016-08-09,8.84,8.99,8.84,8.92,247000,8.92
2016-08-08,8.90,9.05,8.90,8.98,156200,8.98
2016-08-05,8.78,8.83,8.76,8.77,24900,8.77
2016-08-04,8.51,8.70,8.48,8.62,156600,8.62
2016-08-03,8.35,8.52,8.35,8.52,30100,8.52
2016-08-02,8.55,8.55,8.34,8.39,315200,8.39
2016-08-01,8.64,8.70,8.59,8.59,58500,8.59
2016-07-29,8.70,8.86,8.65,8.85,38300,8.85
2016-07-28,8.59,8.63,8.53,8.63,23100,8.63
2016-07-27,8.74,8.74,8.58,8.66,39100,8.66
2016-07-26,8.46,8.59,8.43,8.56,191900,8.56
2016-07-25,8.74,8.76,8.63,8.66,199200,8.66
2016-07-22,8.95,8.95,8.88,8.90,50100,8.90
2016-07-21,9.08,9.11,8.98,9.01,80200,9.01
2016-07-20,9.11,9.15,9.03,9.09,36000,9.09
2016-07-19,9.24,9.28,9.10,9.10,72400,9.10
2016-07-18,9.19,9.33,9.19,9.28,94300,9.28
2016-07-15,9.16,9.20,9.10,9.10,220600,9.10
2016-07-14,9.26,9.38,9.26,9.32,62800,9.32
2016-07-13,9.14,9.20,9.09,9.20,111400,9.20
2016-07-12,9.25,9.25,9.15,9.23,157100,9.23
2016-07-11,9.01,9.05,8.99,9.00,89900,9.00
2016-07-08,8.80,8.87,8.78,8.83,47200,8.83
2016-07-07,8.71,8.79,8.52,8.61,362500,8.61
2016-07-06,8.33,8.50,8.28,8.48,235700,8.48
2016-07-05,8.66,8.70,8.61,8.65,141500,8.65
2016-07-01,8.77,8.88,8.77,8.83,147100,8.83
2016-06-30,8.66,8.80,8.64,8.73,272300,8.73
2016-06-29,8.68,8.83,8.68,8.78,102100,8.78
2016-06-28,8.35,8.56,8.34,8.54,39400,8.54
2016-06-27,8.20,8.20,8.03,8.11,277500,8.11
2016-06-24,8.48,8.57,8.45,8.45,573300,8.45
2016-06-23,8.96,9.04,8.90,9.03,53200,9.03
2016-06-22,8.76,8.80,8.60,8.65,66200,8.65
2016-06-21,8.57,8.78,8.50,8.71,97500,8.71
2016-06-20,8.61,8.67,8.55,8.59,144700,8.59
2016-06-17,8.32,8.40,8.27,8.33,57400,8.33
2016-06-16,7.98,8.17,7.96,8.10,20600,8.10
2016-06-15,8.12,8.24,8.12,8.13,35500,8.13
2016-06-14,8.00,8.01,7.90,7.93,314300,7.93
2016-06-13,8.21,8.23,8.16,8.16,265300,8.16
2016-06-10,8.77,8.77,8.60,8.60,97100,8.481
2016-06-09,9.06,9.06,8.98,9.00,50900,8.875465
2016-06-08,9.02,9.03,8.95,9.02,164100,8.895189
2016-06-07,8.88,8.99,8.88,8.98,216000,8.855741
2016-06-06,8.52,8.60,8.46,8.56,75600,8.441554
2016-06-03,8.28,8.45,8.28,8.40,72300,8.283767
2016-06-02,8.17,8.32,8.10,8.29,143000,8.175289
2016-06-01,8.30,8.38,8.24,8.29,134500,8.175289
2016-05-31,8.50,8.55,8.36,8.38,326300,8.264044
2016-05-27,8.44,8.53,8.43,8.53,151500,8.411968
2016-05-26,8.45,8.48,8.37,8.40,197800,8.283767
2016-05-25,8.10,8.15,8.00,8.13,158400,8.017504
2016-05-24,7.68,7.82,7.68,7.82,160400,7.711793
2016-05-23,7.48,7.71,7.48,7.69,61800,7.583592
2016-05-20,7.61,7.63,7.53,7.54,79800,7.435667
2016-05-19,7.59,7.65,7.48,7.62,74300,7.51456
2016-05-18,7.88,7.91,7.72,7.76,94500,7.652623
2016-05-17,7.83,7.93,7.82,7.88,65200,7.770963
2016-05-16,7.92,7.94,7.83,7.83,137400,7.721655
2016-05-13,7.78,7.81,7.71,7.71,82200,7.603315
2016-05-12,7.89,7.92,7.78,7.88,316700,7.770963
2016-05-11,7.79,8.00,7.76,7.98,227100,7.869579
2016-05-10,7.52,7.62,7.52,7.61,23200,7.504699
2016-05-09,7.54,7.63,7.45,7.47,41000,7.366636
2016-05-06,7.56,7.70,7.55,7.63,504100,7.524422
2016-05-05,7.79,7.79,7.63,7.64,222400,7.534284
2016-05-04,7.65,7.68,7.51,7.54,111600,7.435667
2016-05-03,7.81,7.81,7.56,7.64,2238200,7.534284
2016-05-02,8.01,8.04,7.91,7.93,87600,7.820271
2016-04-29,8.13,8.15,7.95,8.02,168100,7.909026
2016-04-28,8.10,8.15,8.02,8.04,217000,7.928749
2016-04-27,7.88,7.90,7.69,7.86,230200,7.75124
2016-04-26,7.54,7.71,7.52,7.71,93500,7.603315
2016-04-25,7.77,7.78,7.66,7.66,72000,7.554007
2016-04-22,7.77,7.85,7.71,7.72,117700,7.613176
2016-04-21,7.84,7.86,7.70,7.72,116900,7.613176
2016-04-20,7.96,8.11,7.90,8.07,228000,7.958333
2016-04-19,7.73,7.88,7.71,7.77,405700,7.662485
2016-04-18,7.31,7.59,7.31,7.52,132800,7.415944
2016-04-15,7.57,7.58,7.54,7.56,70200,7.455391
2016-04-14,7.59,7.62,7.53,7.55,36300,7.445529
2016-04-13,7.57,7.66,7.56,7.56,190500,7.455391
2016-04-12,7.43,7.66,7.43,7.64,217600,7.534284
2016-04-11,7.36,7.38,7.30,7.33,176900,7.228573
2016-04-08,6.97,7.10,6.97,7.06,166100,6.962309
2016-04-07,6.65,6.71,6.63,6.65,120600,6.557983
2016-04-06,6.53,6.69,6.51,6.69,107700,6.597429
2016-04-05,6.45,6.55,6.44,6.50,45800,6.410058
2016-04-04,6.70,6.75,6.61,6.61,143800,6.518536
2016-04-01,6.66,6.84,6.61,6.80,44900,6.705907
2016-03-31,6.91,7.00,6.91,6.94,103700,6.84397
2016-03-30,6.83,6.89,6.77,6.77,279000,6.676322
2016-03-29,6.49,6.70,6.49,6.65,191500,6.557983
2016-03-28,6.51,6.66,6.51,6.63,120400,6.538259
2016-03-24,6.49,6.70,6.49,6.66,643700,6.567844
2016-03-23,6.77,6.80,6.63,6.63,159000,6.538259
2016-03-22,6.90,6.99,6.90,6.98,69000,6.883416
2016-03-21,6.91,7.03,6.90,7.02,204900,6.922863
2016-03-18,7.05,7.08,6.91,6.91,204600,6.814385
2016-03-17,6.80,6.88,6.79,6.84,122400,6.745354
2016-03-16,6.38,6.65,6.38,6.64,120100,6.548121
2016-03-15,6.48,6.48,6.38,6.44,64500,6.350888
2016-03-14,6.65,6.85,6.61,6.85,82600,6.755215
2016-03-11,6.77,6.78,6.74,6.75,75000,6.656599
2016-03-10,6.58,6.63,6.46,6.58,271700,6.488951
2016-03-09,6.44,6.52,6.41,6.52,57500,6.429781
2016-03-08,6.45,6.45,6.22,6.25,83700,6.163517
2016-03-07,6.47,6.57,6.43,6.52,66200,6.429781
2016-03-04,6.38,6.53,6.38,6.46,244200,6.370612
2016-03-03,6.10,6.25,6.10,6.20,118300,6.114209
2016-03-02,6.19,6.25,6.11,6.23,140400,6.143794
2016-03-01,6.23,6.40,6.22,6.33,289500,6.24241
2016-02-29,6.09,6.17,6.05,6.05,153300,5.966285
2016-02-26,6.08,6.08,5.84,5.84,127200,5.759191
2016-02-25,5.82,5.94,5.80,5.91,103700,5.828222
2016-02-24,5.59,5.80,5.57,5.80,111000,5.719744
2016-02-23,5.85,5.85,5.67,5.85,68500,5.769052
2016-02-22,5.83,5.88,5.82,5.84,291800,5.759191
2016-02-19,5.63,5.69,5.55,5.65,137400,5.57182
2016-02-18,5.85,5.85,5.65,5.72,937400,5.640851
2016-02-17,5.52,5.67,5.52,5.65,166300,5.57182
2016-02-16,5.26,5.40,5.26,5.33,108800,5.256248
2016-02-12,5.12,5.23,5.09,5.22,195800,5.14777
2016-02-11,5.09,5.17,5.05,5.17,114200,5.098462
2016-02-10,5.07,5.31,5.07,5.22,145900,5.14777
2016-02-09,5.01,5.06,4.87,4.92,554300,4.851921
2016-02-08,5.32,5.32,5.07,5.11,290500,5.039292
2016-02-05,5.42,5.42,5.33,5.40,115000,5.325279
2016-02-04,5.50,5.53,5.37,5.39,119300,5.315417
2016-02-03,5.29,5.41,5.10,5.40,256400,5.325279
2016-02-02,5.17,5.20,5.06,5.06,193600,4.989984
2016-02-01,5.45,5.45,5.33,5.37,103300,5.295694
2016-01-29,5.56,5.59,5.41,5.55,247800,5.473204
2016-01-28,5.37,5.43,5.29,5.37,85400,5.295694
2016-01-27,5.16,5.29,5.10,5.20,113200,5.128046
2016-01-26,4.87,4.99,4.83,4.90,136100,4.832198
2016-01-25,4.80,4.89,4.78,4.79,179500,4.72372
2016-01-22,4.86,4.96,4.27,4.91,1085600,4.842059
2016-01-21,4.35,4.44,4.27,4.39,165500,4.329254
2016-01-20,4.36,4.41,4.25,4.39,307800,4.329254
2016-01-19,4.65,4.65,4.49,4.51,4006000,4.447594
2016-01-15,4.68,4.75,4.66,4.75,199400,4.684273
2016-01-14,5.04,5.14,4.98,5.12,1409300,5.049153
2016-01-13,5.07,5.08,4.93,4.94,3565300,4.871644
2016-01-12,5.07,5.09,4.93,4.95,1155600,4.881506
2016-01-11,5.13,5.15,4.99,5.04,289100,4.97026
2016-01-08,5.22,5.24,5.12,5.12,632800,5.049153
2016-01-07,5.25,5.29,5.07,5.15,1062600,5.078738
2016-01-06,5.46,5.47,5.34,5.34,2431400,5.266109
2016-01-05,5.56,5.68,5.56,5.63,171500,5.552097
2016-01-04,5.70,5.70,5.50,5.60,251000,5.522511
2015-12-31,5.85,5.90,5.78,5.79,206200,5.709882
2015-12-30,5.88,5.90,5.80,5.80,225600,5.719744
2015-12-29,5.91,6.01,5.91,6.01,185500,5.926839
2015-12-28,5.93,5.93,5.82,5.83,325300,5.749329
2015-12-24,6.06,6.11,6.06,6.07,70200,5.986008
2015-12-23,6.10,6.21,6.10,6.20,285500,6.114209
2015-12-22,5.87,5.92,5.87,5.89,155800,5.808499
2015-12-21,5.81,5.84,5.76,5.79,446000,5.709882
2015-12-18,5.94,5.96,5.87,5.87,120300,5.788775
2015-12-17,6.24,6.27,6.07,6.07,224500,5.986008
2015-12-16,6.08,6.13,6.03,6.07,182300,5.986008
2015-12-15,5.96,6.03,5.96,6.00,238800,5.916977
2015-12-14,5.73,5.83,5.70,5.81,372000,5.729606
2015-12-11,5.98,5.98,5.80,5.80,432500,5.719744
2015-12-10,6.15,6.21,6.10,6.10,153100,6.015593
2015-12-09,6.08,6.21,6.02,6.13,154000,6.045178
2015-12-08,6.03,6.03,5.89,5.94,238900,5.857807
2015-12-07,6.50,6.50,6.33,6.34,155200,6.252272
2015-12-04,6.55,6.61,6.51,6.54,114000,6.449505
2015-12-03,6.60,6.66,6.58,6.61,295200,6.518536
2015-12-02,6.54,6.63,6.46,6.52,310700,6.429781
2015-12-01,6.55,6.59,6.52,6.57,332700,6.47909
2015-11-30,6.82,6.84,6.69,6.71,629200,6.617152
2015-11-27,6.86,6.86,6.75,6.75,98700,6.656599
2015-11-25,7.06,7.19,7.01,7.15,264900,7.051064
2015-11-24,6.88,7.07,6.86,6.97,508500,6.873554
2015-11-23,7.17,7.21,7.06,7.10,416700,7.001756
2015-11-20,7.06,7.15,7.05,7.10,942200,7.001756
2015-11-19,7.08,7.16,6.87,6.90,1086100,6.804523
2015-11-18,6.94,6.95,6.76,6.92,1019100,6.824247
2015-11-17,6.64,6.81,6.64,6.67,1649400,6.577706
2015-11-16,6.13,6.41,6.13,6.41,940800,6.321303
2015-11-13,6.10,6.15,6.07,6.13,94200,6.045178
2015-11-12,6.14,6.22,6.05,6.05,170000,5.966285
2015-11-11,6.31,6.33,6.10,6.13,162000,6.045178
2015-11-10,6.22,6.28,6.19,6.23,168100,6.143794
2015-11-09,6.21,6.23,6.12,6.15,107100,6.064901
2015-11-06,6.25,6.28,6.23,6.27,280800,6.183241
2015-11-05,6.57,6.65,6.46,6.48,1918400,6.390335
2015-11-04,6.90,6.90,6.66,6.66,1048900,6.567844
2015-11-03,6.55,6.71,6.55,6.63,1174800,6.538259
2015-11-02,6.29,6.41,6.28,6.41,357200,6.321303
2015-10-30,6.11,6.18,6.10,6.11,829100,6.025455
2015-10-29,6.02,6.04,5.92,5.95,238700,5.867668
2015-10-28,5.94,6.09,5.93,5.99,288500,5.907115
2015-10-27,5.99,5.99,5.89,5.90,160700,5.818361
2015-10-26,6.26,6.29,6.23,6.23,315900,6.143794
2015-10-23,6.28,6.28,6.22,6.24,320200,6.153656
2015-10-22,5.93,5.95,5.87,5.94,519800,5.857807
2015-10-21,5.84,5.92,5.83,5.88,557800,5.798637
2015-10-20,5.95,6.03,5.92,5.96,243400,5.87753
2015-10-19,5.86,5.96,5.86,5.90,29300,5.818361
2015-10-16,6.15,6.19,6.06,6.16,185800,6.074763
2015-10-15,5.96,6.11,5.96,6.10,210700,6.015593
2015-10-14,5.78,5.85,5.75,5.84,277500,5.759191
2015-10-13,5.73,5.75,5.63,5.65,156600,5.57182
2015-10-12,5.88,5.89,5.72,5.75,644400,5.670436
2015-10-09,5.89,6.00,5.82,5.83,947000,5.749329
2015-10-08,5.61,5.75,5.59,5.75,387300,5.670436
2015-10-07,5.20,5.38,5.19,5.32,311600,5.246386
2015-10-06,5.00,5.12,4.99,5.10,307300,5.02943
2015-10-05,4.92,4.98,4.91,4.96,107300,4.891367
2015-10-02,4.64,4.76,4.63,4.74,166500,4.674411
2015-10-01,4.85,4.86,4.74,4.78,1040500,4.713858
2015-09-30,4.96,5.00,4.85,4.92,406900,4.851921
2015-09-29,4.81,4.88,4.81,4.85,328300,4.782889
2015-09-28,4.83,4.83,4.76,4.76,117400,4.694135
2015-09-25,4.80,4.88,4.80,4.83,302700,4.763166
2015-09-24,4.68,4.74,4.63,4.73,273700,4.66455
2015-09-23,4.76,4.81,4.67,4.70,89000,4.634965
2015-09-22,4.73,4.78,4.72,4.78,82700,4.713858
2015-09-21,4.93,4.93,4.83,4.90,217200,4.832198
2015-09-18,4.89,4.93,4.81,4.82,75600,4.753305
2015-09-17,5.01,5.09,4.92,5.01,1544300,4.940676
2015-09-16,5.01,5.08,5.01,5.07,164800,4.999845
2015-09-15,4.75,4.79,4.74,4.79,229000,4.72372
2015-09-14,4.68,4.72,4.68,4.71,95800,4.644827
2015-09-11,4.59,4.65,4.57,4.63,58500,4.565934
2015-09-10,4.58,4.65,4.54,4.65,238800,4.585657
2015-09-09,4.67,4.70,4.54,4.55,50200,4.487041
2015-09-08,4.62,4.69,4.56,4.69,74000,4.625104
2015-09-04,4.64,4.64,4.50,4.53,114100,4.467318
2015-09-03,4.61,4.73,4.58,4.63,796300,4.565934
2015-09-02,4.64,4.64,4.48,4.61,66200,4.546211
2015-09-01,4.67,4.71,4.52,4.53,255400,4.467318
2015-08-31,4.65,5.01,4.65,4.96,130800,4.891367
2015-08-28,4.67,4.90,4.66,4.89,103000,4.822336
2015-08-27,4.54,4.69,4.54,4.67,103700,4.60538
2015-08-26,4.27,4.35,4.24,4.35,102900,4.289808
2015-08-25,4.37,4.39,4.19,4.19,449000,4.132022
2015-08-24,3.99,4.17,3.93,4.12,1170100,4.062991
2015-08-21,4.31,4.34,4.25,4.26,120200,4.201054
2015-08-20,4.52,4.55,4.39,4.39,180300,4.329254
2015-08-19,4.63,4.64,4.51,4.54,154300,4.477179
2015-08-18,4.61,4.63,4.57,4.59,95600,4.526487
2015-08-17,4.65,4.66,4.60,4.62,133000,4.556072
2015-08-14,4.79,4.82,4.74,4.75,103300,4.684273
2015-08-13,4.71,4.76,4.68,4.74,129900,4.674411
2015-08-12,4.72,4.80,4.72,4.80,60600,4.733582
2015-08-11,4.81,4.81,4.76,4.81,165000,4.743443
2015-08-10,4.85,5.01,4.85,5.01,1113400,4.940676
2015-08-07,4.81,4.92,4.81,4.90,87100,4.832198
2015-08-06,4.73,4.77,4.67,4.77,227400,4.703996
2015-08-05,4.86,4.90,4.77,4.78,693500,4.713858
2015-08-04,4.73,4.78,4.73,4.75,149000,4.684273
2015-08-03,4.68,4.73,4.61,4.63,101200,4.565934
2015-07-31,4.91,4.96,4.84,4.90,37300,4.832198
2015-07-30,4.99,5.01,4.96,4.97,418900,4.901229
2015-07-29,4.88,5.00,4.86,4.97,2385100,4.901229
2015-07-28,4.78,4.80,4.68,4.79,567700,4.72372
2015-07-27,4.71,4.76,4.67,4.70,346700,4.634965
2015-07-24,4.98,4.98,4.91,4.92,605100,4.851921
2015-07-23,5.22,5.22,5.10,5.10,90500,5.02943
2015-07-22,5.42,5.44,5.26,5.26,88900,5.187216
2015-07-21,5.40,5.42,5.38,5.40,57500,5.325279
2015-07-20,5.34,5.34,5.27,5.27,92700,5.197078
2015-07-17,5.34,5.39,5.34,5.38,119200,5.305556
2015-07-16,5.33,5.34,5.30,5.32,183600,5.246386
2015-07-15,5.30,5.33,5.26,5.26,79500,5.187216
2015-07-14,5.25,5.35,5.25,5.35,104200,5.275971
2015-07-13,5.24,5.31,5.22,5.28,183200,5.20694
2015-07-10,5.13,5.18,5.12,5.17,208800,5.098462
2015-07-09,4.97,4.98,4.92,4.93,99100,4.861782
2015-07-08,4.76,4.82,4.75,4.75,147300,4.684273
2015-07-07,4.85,4.98,4.84,4.97,119400,4.901229
2015-07-06,4.96,4.97,4.81,4.84,222000,4.773028
2015-07-02,5.09,5.15,5.09,5.12,209000,5.049153
2015-07-01,5.22,5.22,5.08,5.10,61200,5.02943
2015-06-30,5.18,5.31,5.17,5.31,265600,5.236524
2015-06-29,5.08,5.16,5.06,5.08,180500,5.009707
2015-06-26,5.14,5.22,5.12,5.22,93900,5.14777
2015-06-25,5.26,5.27,5.22,5.26,446800,5.187216
2015-06-24,5.30,5.31,5.23,5.26,45200,5.187216
2015-06-23,5.26,5.35,5.26,5.34,115000,5.266109
2015-06-22,5.32,5.35,5.30,5.33,347100,5.256248
2015-06-19,5.29,5.33,5.29,5.33,85600,5.256248
2015-06-18,5.50,5.50,5.43,5.46,67100,5.384449
2015-06-17,5.48,5.48,5.35,5.44,193300,5.364726
2015-06-16,5.40,5.50,5.40,5.49,86300,5.414033
2015-06-15,5.16,5.25,5.16,5.22,143500,5.14777
2015-06-12,5.20,5.22,5.16,5.16,45100,5.0886
2015-06-11,5.23,5.33,5.22,5.32,198500,5.212857
2015-06-10,5.34,5.35,5.27,5.27,131800,5.163863
2015-06-09,5.04,5.10,5.02,5.08,504900,4.97769
2015-06-08,5.00,5.02,4.90,4.93,1406900,4.830711
2015-06-05,5.01,5.04,4.96,5.02,2306300,4.918898
2015-06-04,5.21,5.21,5.07,5.07,406400,4.967892
2015-06-03,5.34,5.38,5.30,5.32,446400,5.212857
2015-06-02,5.52,5.65,5.52,5.64,418500,5.526412
2015-06-01,5.57,5.57,5.47,5.47,848300,5.359835
2015-05-29,5.72,5.75,5.58,5.63,910300,5.516613
2015-05-28,5.58,5.64,5.54,5.62,227100,5.506814
2015-05-27,5.66,5.76,5.65,5.70,181600,5.585203
2015-05-26,5.91,5.93,5.80,5.84,255500,5.722384
2015-05-22,5.94,5.97,5.90,5.93,59800,5.810571
2015-05-21,5.73,5.91,5.70,5.88,399500,5.761578
2015-05-20,5.72,5.80,5.70,5.78,231300,5.663592
2015-05-19,5.93,5.97,5.90,5.94,117000,5.82037
2015-05-18,6.13,6.16,6.10,6.11,167500,5.986946
2015-05-15,5.92,6.09,5.90,6.09,146400,5.967349
2015-05-14,5.98,6.00,5.95,5.99,132800,5.869363
2015-05-13,6.16,6.20,6.06,6.09,143900,5.967349
2015-05-12,5.89,6.03,5.88,6.02,198800,5.898759
2015-05-11,5.92,5.93,5.84,5.88,231200,5.761578
2015-05-08,5.94,6.00,5.90,5.94,650400,5.82037
2015-05-07,6.09,6.19,6.02,6.12,237200,5.996745
2015-05-06,6.42,6.45,6.18,6.20,262000,6.075133
2015-05-05,6.35,6.38,6.30,6.31,151300,6.182918
2015-05-04,6.03,6.04,5.95,6.00,101500,5.879161
2015-05-01,6.00,6.05,5.96,6.03,255500,5.908557
2015-04-30,5.97,6.05,5.94,6.04,1122300,5.918356
2015-04-29,5.85,6.01,5.83,5.95,236000,5.830168
2015-04-28,5.74,5.94,5.74,5.90,118000,5.781176
2015-04-27,5.97,5.99,5.77,5.80,470000,5.68319
2015-04-24,5.96,5.99,5.85,5.99,298600,5.869363
2015-04-23,5.89,6.05,5.76,6.01,979300,5.88896
2015-04-22,5.61,5.69,5.49,5.69,279700,5.575405
2015-04-21,5.55,5.70,5.51,5.67,232700,5.555808
2015-04-20,5.50,5.60,5.49,5.55,422600,5.438225
2015-04-17,5.82,5.85,5.55,5.73,1603900,5.614599
2015-04-16,6.09,6.29,6.09,6.24,433400,6.114328
2015-04-15,6.01,6.20,5.98,6.15,1021100,6.026141
2015-04-14,5.75,5.83,5.70,5.81,592100,5.692988
2015-04-13,5.73,5.74,5.63,5.64,206400,5.526412
2015-04-10,5.42,5.52,5.38,5.45,159700,5.340238
2015-04-09,5.51,5.60,5.45,5.59,393400,5.477419
2015-04-08,5.21,5.22,5.10,5.16,340700,5.056079
2015-04-07,5.08,5.08,5.00,5.06,329600,4.958093
2015-04-06,4.80,5.01,4.79,4.91,658500,4.811114
2015-04-02,4.66,4.79,4.63,4.75,155400,4.654336
2015-04-01,4.53,4.55,4.47,4.53,338800,4.438767
2015-03-31,4.39,4.43,4.35,4.37,260800,4.281989
2015-03-30,4.42,4.48,4.36,4.48,264100,4.389774
2015-03-27,4.41,4.43,4.27,4.29,830000,4.2036
2015-03-26,4.53,4.55,4.47,4.51,193500,4.41917
2015-03-25,4.60,4.65,4.54,4.60,219600,4.507357
2015-03-24,4.62,4.63,4.58,4.62,208000,4.526954
2015-03-23,4.60,4.63,4.53,4.58,111800,4.48776
2015-03-20,4.50,4.71,4.50,4.65,269400,4.55635
2015-03-19,4.44,4.45,4.37,4.37,134000,4.281989
2015-03-18,4.35,4.63,4.34,4.60,1872900,4.507357
2015-03-17,4.25,4.38,4.25,4.35,196400,4.262392
2015-03-16,4.39,4.40,4.28,4.40,1290500,4.311385
2015-03-13,4.55,4.61,4.50,4.52,3149500,4.428968
2015-03-12,4.78,4.80,4.73,4.77,209800,4.673933
2015-03-11,4.70,4.76,4.63,4.72,163100,4.62494
2015-03-10,4.60,4.64,4.53,4.55,316100,4.458364
2015-03-09,4.89,4.91,4.79,4.82,183300,4.722927
2015-03-06,4.97,4.97,4.87,4.92,354100,4.820912
2015-03-05,4.88,4.90,4.81,4.85,136700,4.752322
2015-03-04,4.91,4.91,4.76,4.87,282300,4.771919
2015-03-03,5.12,5.12,5.01,5.08,304900,4.97769
2015-03-02,5.09,5.15,5.01,5.07,895300,4.967892
2015-02-27,5.08,5.17,5.05,5.15,617500,5.04628
2015-02-26,5.15,5.20,5.06,5.08,452900,4.97769
2015-02-25,4.98,5.09,4.93,5.08,373000,4.97769
2015-02-24,4.88,4.94,4.85,4.88,225800,4.781718
2015-02-23,4.83,4.86,4.75,4.75,848600,4.654336
2015-02-20,5.03,5.12,5.00,5.10,209200,4.997287
2015-02-19,4.89,5.11,4.88,5.06,345800,4.958093
2015-02-18,5.10,5.18,5.10,5.11,771900,5.007086
2015-02-17,4.81,4.85,4.65,4.83,825600,4.732725
2015-02-13,4.57,4.68,4.57,4.67,1506800,4.575947
2015-02-12,4.36,4.50,4.28,4.47,372700,4.379975
2015-02-11,4.18,4.35,4.12,4.27,229000,4.184003
2015-02-10,4.19,4.35,4.12,4.29,724800,4.2036
2015-02-09,4.25,4.29,4.16,4.20,660600,4.115413
2015-02-06,4.14,4.20,4.05,4.15,245800,4.06642
2015-02-05,3.99,4.05,3.76,3.99,419200,3.909642
2015-02-04,3.91,3.91,3.79,3.80,522400,3.723469
2015-02-03,3.92,4.08,3.91,4.03,420100,3.948837
2015-02-02,3.78,3.86,3.75,3.86,222400,3.78226
2015-01-30,3.75,3.92,3.70,3.83,486600,3.752865
2015-01-29,3.94,3.94,3.82,3.91,313600,3.831254
2015-01-28,3.90,3.96,3.86,3.92,468700,3.841052
2015-01-27,4.00,4.11,3.93,4.06,304700,3.978233
2015-01-26,4.01,4.03,3.78,3.84,1089800,3.762663
2015-01-23,4.43,4.45,4.35,4.43,744300,4.340781
2015-01-22,4.32,4.43,4.31,4.40,237300,4.311385
2015-01-21,4.17,4.22,4.15,4.22,366800,4.13501
2015-01-20,4.07,4.11,4.03,4.10,421900,4.017427
2015-01-16,4.15,4.25,4.14,4.23,261500,4.144809
2015-01-15,4.22,4.22,4.11,4.12,531400,4.037024
2015-01-14,4.02,4.17,4.01,4.15,506800,4.06642
2015-01-13,4.10,4.20,4.07,4.20,499000,4.115413
2015-01-12,4.34,4.35,4.26,4.27,795000,4.184003
2015-01-09,4.35,4.48,4.33,4.48,504000,4.389774
2015-01-08,4.58,4.73,4.47,4.54,809700,4.448565
2015-01-07,3.88,4.08,3.88,4.06,526400,3.978233
2015-01-06,3.84,3.99,3.82,3.91,684900,3.831254
2015-01-05,3.92,3.94,3.85,3.90,870900,3.821455
2015-01-02,3.91,4.04,3.88,4.04,1423600,3.958635
2014-12-31,4.03,4.07,3.87,3.87,682200,3.792059
2014-12-30,3.96,4.10,3.90,4.04,774400,3.958635
2014-12-29,3.82,3.87,3.68,3.71,1205700,3.635282
2014-12-26,4.20,4.37,4.15,4.23,190400,4.144809
2014-12-24,4.05,4.17,4.00,4.15,393500,4.06642
2014-12-23,4.12,4.15,3.77,3.94,1635000,3.860649
2014-12-22,4.50,4.50,4.24,4.36,937200,4.272191
2014-12-19,4.41,4.66,4.30,4.66,1329000,4.566149
2014-12-18,4.58,4.75,4.30,4.33,1183100,4.242795
2014-12-17,4.28,4.65,4.15,4.45,2063700,4.360378
2014-12-16,3.16,3.80,3.08,3.60,4545000,3.527497
2014-12-15,4.27,4.39,3.84,3.88,1818400,3.801858
2014-12-12,4.81,4.84,4.60,4.64,432000,4.546551
2014-12-11,4.97,4.98,4.81,4.83,751500,4.732725
2014-12-10,5.27,5.27,5.16,5.17,645900,5.065878
2014-12-09,5.09,5.13,5.06,5.10,1824300,4.997287
2014-12-08,5.09,5.09,5.01,5.04,1246500,4.938496
2014-12-05,5.37,5.49,5.32,5.48,460400,5.369634
2014-12-04,5.60,5.61,5.50,5.51,364900,5.39903
2014-12-03,5.62,5.84,5.62,5.75,399600,5.634196
2014-12-02,5.83,5.83,5.60,5.67,1042500,5.555808
2014-12-01,5.95,6.28,5.95,6.19,496300,6.065335
2014-11-28,6.19,6.20,6.10,6.14,398200,6.016342
2014-11-26,6.65,6.72,6.60,6.64,635400,6.506272
2014-11-25,6.83,6.87,6.71,6.73,160300,6.594459
2014-11-24,6.95,7.01,6.92,6.98,365800,6.839425
2014-11-21,6.85,6.90,6.80,6.85,243400,6.712043
2014-11-20,6.66,6.74,6.66,6.67,223100,6.535668
2014-11-19,6.68,6.73,6.64,6.67,180700,6.535668
2014-11-18,6.74,6.80,6.70,6.72,219400,6.584661
2014-11-17,6.61,6.70,6.58,6.65,237600,6.516071
2014-11-14,6.58,6.67,6.58,6.66,143000,6.525869
2014-11-13,6.74,6.74,6.60,6.66,430600,6.525869
2014-11-12,6.90,7.05,6.89,7.00,226800,6.859022
2014-11-11,7.02,7.04,6.94,6.97,415400,6.829626
2014-11-10,7.21,7.22,7.10,7.12,312500,6.976605
2014-11-07,6.82,6.94,6.78,6.94,228900,6.80023
2014-11-06,7.18,7.18,6.98,7.00,329200,6.859022
2014-11-05,7.33,7.34,7.25,7.30,123000,7.15298
2014-11-04,7.38,7.42,7.33,7.35,144600,7.201973
2014-11-03,7.59,7.61,7.42,7.42,492100,7.270563
2014-10-31,7.60,7.62,7.48,7.51,180800,7.358751
2014-10-30,7.45,7.70,7.45,7.61,196700,7.456737
2014-10-29,7.27,7.32,7.15,7.16,149500,7.015799
2014-10-28,7.25,7.31,7.22,7.31,161400,7.162778
2014-10-27,7.16,7.25,7.15,7.25,111200,7.103987
2014-10-24,7.21,7.39,7.17,7.37,97700,7.22157
2014-10-23,7.13,7.21,7.12,7.12,261400,6.976605
2014-10-22,7.29,7.31,7.20,7.24,625200,7.094188
2014-10-21,7.39,7.45,7.38,7.43,92900,7.280361
2014-10-20,7.35,7.39,7.32,7.37,191600,7.22157
2014-10-17,7.47,7.65,7.44,7.50,173000,7.348952
2014-10-16,7.21,7.42,7.18,7.29,374000,7.143181
2014-10-15,7.50,7.57,7.39,7.55,457200,7.397945
2014-10-14,7.65,7.67,7.51,7.51,155800,7.358751
2014-10-13,7.71,7.73,7.59,7.59,118100,7.437139
2014-10-10,7.55,7.62,7.54,7.57,179100,7.417542
2014-10-09,7.73,7.73,7.60,7.64,662400,7.486132
2014-10-08,7.73,7.82,7.63,7.81,185900,7.652708
2014-10-07,7.85,7.88,7.75,7.78,52100,7.623313
2014-10-06,7.95,8.00,7.92,7.98,171700,7.819285
2014-10-03,7.64,7.81,7.64,7.76,206000,7.603716
2014-10-02,7.64,7.77,7.57,7.76,179400,7.603716
2014-10-01,7.84,7.85,7.67,7.73,282700,7.57432
2014-09-30,7.98,8.00,7.83,7.87,1012900,7.7115
2014-09-29,8.09,8.15,8.06,8.09,287800,7.92707
2014-09-26,8.19,8.35,8.18,8.27,98800,8.103445
2014-09-25,8.52,8.52,8.31,8.32,148800,8.152437
2014-09-24,8.60,8.66,8.55,8.66,139900,8.48559
2014-09-23,8.24,8.40,8.23,8.39,98700,8.221028
2014-09-22,8.25,8.25,8.15,8.19,200800,8.025055
2014-09-19,8.42,8.45,8.32,8.32,88300,8.152437
2014-09-18,8.41,8.45,8.28,8.34,275400,8.172035
2014-09-17,8.43,8.50,8.34,8.38,609900,8.211229
2014-09-16,8.27,8.53,8.24,8.43,1614600,8.260222
2014-09-15,8.26,8.27,8.16,8.22,471700,8.054451
2014-09-12,8.49,8.51,8.37,8.51,462900,8.338611
2014-09-11,8.41,8.49,8.38,8.46,363700,8.289618
2014-09-10,8.77,8.83,8.69,8.83,108400,8.652166
2014-09-09,8.89,8.89,8.75,8.85,150700,8.671764
2014-09-08,8.73,8.88,8.70,8.80,583600,8.62277
2014-09-05,9.05,9.07,8.82,8.95,1182900,8.769749
2014-09-04,8.96,8.98,8.76,8.77,1314400,8.593375
2014-09-03,8.87,8.91,8.81,8.86,1521100,8.681561
2014-09-02,8.07,8.19,8.05,8.16,142900,7.995659
2014-08-29,8.12,8.19,8.09,8.15,1526400,7.985861
2014-08-28,8.37,8.46,8.34,8.41,893500,8.240625
2014-08-27,9.01,9.01,8.86,8.95,323000,8.769749
2014-08-26,8.93,8.95,8.82,8.88,300500,8.701159
2014-08-25,9.05,9.05,8.91,8.95,490800,8.769749
2014-08-22,8.93,8.98,8.90,8.94,756200,8.75995
2014-08-21,8.97,9.02,8.95,9.02,241300,8.83834
2014-08-20,8.73,8.88,8.72,8.86,241500,8.681561
2014-08-19,8.68,8.72,8.66,8.71,355200,8.534583
2014-08-18,8.59,8.64,8.56,8.63,201100,8.456194
2014-08-15,8.58,8.60,8.30,8.37,541300,8.20143
2014-08-14,8.56,8.60,8.51,8.55,221500,8.377805
2014-08-13,8.49,8.54,8.44,8.47,228000,8.299417
2014-08-12,8.32,8.41,8.26,8.29,1703800,8.123041
2014-08-11,8.30,8.41,8.30,8.38,2452300,8.211229
2014-08-08,7.79,7.99,7.77,7.97,311700,7.809486
2014-08-07,7.73,7.75,7.57,7.67,720100,7.515528
2014-08-06,7.76,7.78,7.62,7.67,1052000,7.515528
2014-08-05,8.09,8.11,8.03,8.05,1462700,7.887875
2014-08-04,8.16,8.33,8.15,8.32,188800,8.152437
2014-08-01,8.16,8.22,8.15,8.19,625900,8.025055
2014-07-31,8.38,8.42,8.26,8.28,2712500,8.113243
2014-07-30,8.51,8.53,8.37,8.45,686800,8.279819
2014-07-29,8.34,8.57,8.28,8.31,1929800,8.142639
2014-07-28,8.32,8.46,8.29,8.45,4103600,8.279819
2014-07-25,8.81,8.81,8.67,8.71,976200,8.534583
2014-07-24,8.93,9.06,8.85,8.87,401100,8.69136
2014-07-23,9.01,9.08,8.94,8.96,332700,8.779548
2014-07-22,9.11,9.14,9.06,9.12,311100,8.936325
2014-07-21,9.01,9.03,8.84,8.98,1689400,8.799145
2014-07-18,9.32,9.49,9.32,9.44,198300,9.24988
2014-07-17,9.57,9.66,9.29,9.34,902200,9.151895
2014-07-16,9.88,10.05,9.85,10.04,549800,9.837797
2014-07-15,10.03,10.03,9.88,9.90,1592000,9.700616
2014-07-14,10.14,10.14,9.99,10.05,70500,9.847596
2014-07-11,10.15,10.20,10.15,10.20,370900,9.994574
2014-07-10,10.06,10.25,10.04,10.19,484800,9.984775
2014-07-09,10.24,10.35,10.21,10.34,74300,10.131755
2014-07-08,10.23,10.24,10.08,10.12,69900,9.916186
2014-07-07,10.21,10.29,10.17,10.25,252500,10.043568
2014-07-03,10.29,10.34,10.23,10.34,227500,10.131755
2014-07-02,10.31,10.37,10.26,10.34,77000,10.131755
2014-07-01,10.05,10.15,10.05,10.08,641100,9.876991
2014-06-30,10.06,10.17,10.02,10.17,77500,9.965179
2014-06-27,10.29,10.33,10.24,10.27,207300,10.063165
2014-06-26,10.26,10.32,10.17,10.30,68700,10.092561
2014-06-25,10.30,10.34,10.23,10.34,97400,10.131755
2014-06-24,10.44,10.60,10.43,10.48,1056700,10.268935
2014-06-23,9.98,10.06,9.93,10.04,1322600,9.837797
2014-06-20,10.10,10.10,9.97,10.03,70100,9.827998
2014-06-19,10.29,10.30,10.10,10.12,109000,9.916186
2014-06-18,9.98,10.20,9.97,10.20,110600,9.994574
2014-06-17,9.89,9.97,9.85,9.97,396100,9.769207
2014-06-16,10.10,10.18,10.06,10.11,2210100,9.906387
2014-06-13,10.08,10.10,10.03,10.03,153900,9.827998
2014-06-12,10.71,10.71,10.54,10.54,144500,9.960279
2014-06-11,10.68,10.72,10.67,10.67,242400,10.083129
2014-06-10,10.63,10.84,10.63,10.72,649700,10.130379
2014-06-09,10.72,10.77,10.67,10.73,113100,10.139828
2014-06-06,10.67,10.81,10.66,10.76,189700,10.168179
2014-06-05,10.55,10.59,10.40,10.56,140000,9.97918
2014-06-04,10.41,10.55,10.38,10.44,56100,9.865779
2014-06-03,10.15,10.35,10.14,10.26,212600,9.69568
2014-06-02,10.20,10.23,9.84,10.00,194100,9.44998
2014-05-30,10.14,10.14,10.06,10.13,59100,9.57283
2014-05-29,10.23,10.27,10.17,10.18,68100,9.62008
2014-05-28,10.10,10.29,10.07,10.27,70800,9.70513
2014-05-27,10.15,10.22,10.11,10.16,222600,9.60118
2014-05-23,10.25,10.39,10.22,10.28,177400,9.714579
2014-05-22,9.99,10.02,9.92,10.01,794800,9.45943
2014-05-21,10.07,10.11,9.97,10.09,410800,9.53503
2014-05-20,9.85,10.04,9.84,9.95,361300,9.40273
2014-05-19,9.64,9.75,9.60,9.73,350400,9.19483
2014-05-16,9.41,9.51,9.33,9.50,63400,8.977481
2014-05-15,9.80,9.85,9.47,9.54,172400,9.015281
2014-05-14,9.62,9.85,9.59,9.77,683900,9.232631
2014-05-13,9.64,9.64,9.51,9.55,380900,9.024731
2014-05-12,9.38,9.43,9.30,9.39,305600,8.873532
2014-05-09,9.28,9.40,9.28,9.36,129400,8.845181
2014-05-08,9.36,9.45,9.30,9.35,914900,8.835732
2014-05-07,9.00,9.52,9.00,9.20,773500,8.693982
2014-05-06,8.56,8.71,8.56,8.67,879400,8.193133
2014-05-05,8.15,8.38,8.15,8.37,244500,7.909633
2014-05-02,8.33,8.38,8.21,8.23,363900,7.777333
2014-05-01,8.43,8.49,8.43,8.47,132700,8.004134
2014-04-30,8.27,8.43,8.25,8.43,408700,7.966334
2014-04-29,8.39,8.52,8.34,8.41,590800,7.947433
2014-04-28,8.15,9.02,8.14,8.52,433800,8.051384
2014-04-25,8.10,8.11,7.97,8.07,647300,7.626134
2014-04-24,8.38,8.52,8.29,8.40,483300,7.937983
2014-04-23,8.67,8.75,8.63,8.71,134400,8.230933
2014-04-22,8.73,8.77,8.66,8.72,336300,8.240383
2014-04-21,8.81,8.90,8.74,8.80,182400,8.315983
2014-04-17,8.62,9.17,8.57,9.10,376500,8.599482
2014-04-16,8.60,8.65,8.51,8.65,158000,8.174233
2014-04-15,8.61,8.61,8.35,8.43,1483100,7.966334
2014-04-14,8.93,8.99,8.71,8.74,3238800,8.259283
2014-04-11,9.04,9.10,8.94,8.98,1036100,8.486082
2014-04-10,9.12,9.21,9.01,9.01,128600,8.514432
2014-04-09,9.04,9.16,8.98,9.16,239000,8.656182
2014-04-08,9.19,9.20,9.10,9.16,370400,8.656182
2014-04-07,9.24,9.30,9.15,9.26,455100,8.750682
2014-04-04,9.71,9.79,9.59,9.62,143600,9.090881
2014-04-03,9.58,9.58,9.38,9.46,256200,8.939681
2014-04-02,9.51,9.62,9.44,9.62,153300,9.090881
2014-04-01,9.72,9.77,9.60,9.70,336400,9.166481
2014-03-31,9.56,9.80,9.56,9.77,462100,9.232631
2014-03-28,9.29,9.31,9.10,9.13,104700,8.627832
2014-03-27,9.12,9.21,9.02,9.13,187500,8.627832
2014-03-26,9.49,9.55,9.24,9.24,828800,8.731782
2014-03-25,9.29,9.37,9.20,9.28,3299900,8.769581
2014-03-24,8.86,8.95,8.79,8.94,235100,8.448282
2014-03-21,8.66,8.86,8.64,8.76,320300,8.278183
2014-03-20,8.97,9.10,8.58,8.72,268600,8.240383
2014-03-19,9.41,9.45,9.12,9.14,774200,8.637282
2014-03-18,9.06,9.46,9.02,9.27,367700,8.760132
2014-03-17,8.54,8.87,8.50,8.83,676600,8.344332
2014-03-14,7.97,8.39,7.92,8.35,956400,7.890734
2014-03-13,8.02,8.16,7.90,7.97,1004700,7.531634
2014-03-12,8.45,8.58,8.14,8.24,6660100,7.786784
2014-03-11,8.93,8.93,8.59,8.60,9386000,8.126983
2014-03-10,9.03,9.06,8.88,8.94,2998200,8.448282
2014-03-07,9.16,9.16,8.90,8.98,640600,8.486082
2014-03-06,9.14,9.32,9.08,9.18,1608100,8.675082
2014-03-05,9.34,9.39,9.26,9.35,814100,8.835732
2014-03-04,9.27,9.43,9.22,9.42,1914900,8.901881
2014-03-03,8.69,9.09,8.68,9.00,3184000,8.504982
2014-02-28,10.21,10.38,10.16,10.17,325000,9.61063
2014-02-27,10.14,10.25,10.09,10.21,176100,9.64843
2014-02-26,10.44,10.46,10.35,10.40,364600,9.827979
2014-02-25,10.69,10.86,10.63,10.67,113800,10.083129
2014-02-24,10.84,10.93,10.79,10.84,99200,10.243779
2014-02-21,10.80,10.93,10.78,10.90,109500,10.300478
2014-02-20,10.68,10.75,10.63,10.71,64600,10.120929
2014-02-19,10.75,10.84,10.66,10.69,126400,10.102029
2014-02-18,11.11,11.16,11.03,11.03,101100,10.423328
2014-02-14,11.09,11.23,11.09,11.21,138600,10.593428
2014-02-13,10.93,11.11,10.88,11.11,70200,10.498928
2014-02-12,11.16,11.30,11.16,11.20,85800,10.583978
2014-02-11,11.03,11.18,11.03,11.18,115500,10.565078
2014-02-10,11.05,11.08,10.99,11.02,153300,10.413879
2014-02-07,11.17,11.25,11.07,11.18,174500,10.565078
2014-02-06,11.15,11.29,11.11,11.20,125700,10.583978
2014-02-05,11.01,11.04,10.93,10.99,131200,10.385528
2014-02-04,10.75,10.85,10.72,10.76,151900,10.168179
2014-02-03,10.76,10.77,10.50,10.50,100400,9.922479
2014-01-31,10.73,10.93,10.73,10.82,284400,10.224878
2014-01-30,10.99,11.05,10.84,10.96,168200,10.357178
2014-01-29,10.95,11.04,10.87,10.90,181000,10.300478
2014-01-28,11.22,11.34,11.17,11.20,626100,10.583978
2014-01-27,11.37,11.37,11.20,11.34,346000,10.716278
2014-01-24,11.67,11.67,11.33,11.33,343400,10.706828
2014-01-23,12.04,12.07,11.82,11.90,541600,11.245476
2014-01-22,12.15,12.23,12.05,12.23,334500,11.557325
2014-01-21,12.09,12.17,12.04,12.09,431300,11.425026
2014-01-17,12.15,12.15,12.00,12.07,441300,11.406126
2014-01-16,12.12,12.15,11.98,12.03,156500,11.368326
2014-01-15,12.06,12.22,12.06,12.16,230100,11.491176
2014-01-14,11.92,12.08,11.88,12.04,92200,11.377776
2014-01-13,12.06,12.11,11.89,11.95,214400,11.292726
2014-01-10,11.93,12.12,11.93,12.07,90700,11.406126
2014-01-09,11.85,11.86,11.73,11.78,128400,11.132076
2014-01-08,11.88,11.90,11.82,11.87,104900,11.217126
2014-01-07,11.84,11.90,11.84,11.88,106100,11.226577
2014-01-06,11.99,11.99,11.83,11.86,292900,11.207676
2014-01-03,12.14,12.20,12.05,12.10,79300,11.434476
2014-01-02,12.53,12.55,12.16,12.17,369200,11.500626
2013-12-31,12.51,12.62,12.51,12.57,134600,11.878625
2013-12-30,12.31,12.42,12.31,12.37,442100,11.689625
2013-12-27,12.39,12.44,12.33,12.37,105200,11.689625
2013-12-26,12.52,12.58,12.44,12.44,144900,11.755775
2013-12-24,12.52,12.60,12.52,12.55,60100,11.859725
2013-12-23,12.55,12.61,12.50,12.55,180400,11.859725
2013-12-20,12.34,12.44,12.34,12.37,121800,11.689625
2013-12-19,12.32,12.39,12.32,12.35,158200,11.670726
2013-12-18,12.13,12.35,12.09,12.35,112300,11.670726
2013-12-17,12.12,12.18,12.10,12.10,112900,11.434476
2013-12-16,12.14,12.19,12.06,12.06,439300,11.396677
2013-12-13,11.98,12.13,11.91,12.03,182200,11.368326
2013-12-12,12.06,12.06,11.92,11.93,132100,11.273827
2013-12-11,12.23,12.25,12.04,12.04,150500,11.377776
2013-12-10,12.16,12.42,12.16,12.22,192200,11.547876
2013-12-09,12.27,12.35,12.27,12.27,49900,11.595126
2013-12-06,12.16,12.21,12.05,12.21,87800,11.538426
2013-12-05,11.86,11.95,11.78,11.82,61100,11.169876
2013-12-04,11.85,11.96,11.83,11.92,109700,11.264377
2013-12-03,12.06,12.11,11.99,12.03,112500,11.368326
2013-12-02,12.35,12.35,12.17,12.25,62200,11.576226
2013-11-29,12.36,12.50,12.36,12.46,62200,11.774675
2013-11-27,12.40,12.47,12.38,12.43,89400,11.746326
2013-11-26,12.53,12.65,12.50,12.54,146300,11.850275
2013-11-25,12.72,12.78,12.69,12.69,88200,11.992025
2013-11-22,12.82,12.89,12.78,12.84,117000,12.133775
2013-11-21,12.68,12.86,12.66,12.77,217000,12.067625
2013-11-20,12.95,12.95,12.72,12.72,743100,12.020375
2013-11-19,13.01,13.03,12.90,12.92,206200,12.209375
2013-11-18,12.91,13.08,12.86,12.96,396400,12.247174
2013-11-15,12.69,12.74,12.65,12.71,150700,12.010925
2013-11-14,12.72,12.75,12.64,12.75,89000,12.048725
2013-11-13,12.38,12.53,12.28,12.49,111700,11.803025
2013-11-12,12.62,12.68,12.57,12.61,157300,11.916425
2013-11-11,12.41,12.46,12.35,12.39,109000,11.708526
2013-11-08,12.38,12.51,12.37,12.51,161900,11.821926
2013-11-07,12.51,13.38,12.38,12.50,72400,11.812475
2013-11-06,12.66,12.70,12.60,12.62,107600,11.925875
2013-11-05,12.62,12.62,12.50,12.53,196800,11.840825
2013-11-04,12.78,12.89,12.78,12.88,73000,12.171575
2013-11-01,12.79,12.82,12.71,12.74,250700,12.039275
2013-10-31,12.83,12.83,12.70,12.77,76600,12.067625
2013-10-30,12.86,12.89,12.74,12.77,318000,12.067625
2013-10-29,12.80,12.83,12.73,12.75,115800,12.048725
2013-10-28,12.91,12.91,12.80,12.85,78200,12.143225
2013-10-25,12.93,13.03,12.88,13.02,66400,12.303875
2013-10-24,12.94,13.03,12.93,12.96,119100,12.247174
2013-10-23,13.04,13.06,12.92,12.94,74600,12.228274
2013-10-22,13.16,13.32,13.15,13.27,126700,12.540124
2013-10-21,13.22,13.22,13.12,13.13,72100,12.407824
2013-10-18,13.16,13.26,13.14,13.15,68300,12.426724
2013-10-17,12.84,13.02,12.75,12.89,72600,12.181025
2013-10-16,12.94,12.99,12.87,12.95,225800,12.237724
2013-10-15,12.92,13.00,12.82,12.82,92800,12.114874
2013-10-14,12.69,12.90,12.68,12.90,39800,12.190474
2013-10-11,12.71,12.79,12.71,12.74,81500,12.039275
2013-10-10,12.85,12.90,12.80,12.82,566200,12.114874
2013-10-09,12.47,12.60,12.46,12.54,144700,11.850275
2013-10-08,12.61,12.67,12.49,12.49,304000,11.803025
2013-10-07,12.31,12.43,12.31,12.37,99600,11.689625
2013-10-04,12.35,12.45,12.35,12.43,210500,11.746326
2013-10-03,12.20,12.25,12.11,12.18,112400,11.510076
2013-10-02,12.15,12.20,12.04,12.14,138400,11.472276
2013-10-01,12.18,12.35,12.18,12.29,540000,11.614026
2013-09-30,11.93,12.07,11.92,12.03,164700,11.368326
2013-09-27,12.31,12.31,12.13,12.14,72500,11.472276
2013-09-26,12.54,12.62,12.47,12.50,217900,11.812475
2013-09-25,12.64,12.73,12.60,12.64,130500,11.944775
2013-09-24,12.58,12.70,12.49,12.53,229700,11.840825
2013-09-23,12.68,12.76,12.65,12.74,108300,12.039275
2013-09-20,12.82,12.83,12.74,12.74,170300,12.039275
2013-09-19,12.91,12.95,12.78,12.83,265800,12.124325
2013-09-18,12.40,12.90,12.28,12.86,314600,12.152674
2013-09-17,12.17,12.30,12.17,12.20,254900,11.528976
2013-09-16,12.15,12.23,12.12,12.17,316200,11.500626
2013-09-13,11.60,11.81,11.60,11.78,658000,11.132076
2013-09-12,11.59,11.68,11.57,11.61,66800,10.971427
2013-09-11,11.60,11.66,11.55,11.60,341300,10.961977
2013-09-10,11.53,11.73,11.53,11.73,677600,11.084826
2013-09-09,11.33,11.51,11.33,11.46,320500,10.829677
2013-09-06,11.36,11.36,11.09,11.16,183100,10.546178
2013-09-05,10.90,11.15,10.90,11.09,292100,10.480028
2013-09-04,10.74,10.86,10.70,10.77,139300,10.177629
2013-09-03,10.81,10.81,10.67,10.68,302200,10.092579
2013-08-30,10.52,10.59,10.49,10.52,262100,9.94138
2013-08-29,10.76,10.81,10.71,10.71,406700,10.120929
2013-08-28,10.68,10.77,10.62,10.62,85900,10.035879
2013-08-27,10.83,10.86,10.71,10.79,158600,10.196529
2013-08-26,10.90,11.05,10.86,10.86,149100,10.262678
2013-08-23,11.11,11.14,11.06,11.08,95800,10.470578
2013-08-22,11.08,11.14,11.05,11.09,68000,10.480028
2013-08-21,10.94,11.01,10.85,10.89,614200,10.291029
2013-08-20,11.10,11.17,11.08,11.12,244900,10.508378
2013-08-19,11.35,11.37,11.26,11.29,174700,10.669028
2013-08-16,11.38,11.52,11.35,11.40,1068000,10.772977
2013-08-15,11.63,11.80,11.57,11.61,139100,10.971427
2013-08-14,11.84,11.89,11.81,11.81,49200,11.160427
2013-08-13,11.80,11.87,11.70,11.72,287900,11.075377
2013-08-12,11.52,11.73,11.52,11.72,79800,11.075377
2013-08-09,11.53,11.70,11.53,11.64,232700,10.999777
2013-08-08,11.41,11.55,11.39,11.55,58700,10.914727
2013-08-07,11.48,11.50,11.41,11.48,222700,10.848577
2013-08-06,11.54,11.59,11.43,11.45,399800,10.820227
2013-08-05,11.74,11.80,11.67,11.69,80700,11.047027
2013-08-02,11.79,11.89,11.72,11.85,117900,11.198227
2013-08-01,11.71,11.81,11.69,11.73,377700,11.084826
2013-07-31,11.42,11.67,11.42,11.59,201900,10.952527
2013-07-30,11.43,11.54,11.38,11.38,668500,10.754078
2013-07-29,11.58,11.58,11.43,11.46,766900,10.829677
2013-07-26,11.79,11.79,11.52,11.61,2155000,10.971427
2013-07-25,11.78,11.85,11.73,11.80,61600,11.150977
2013-07-24,11.83,12.00,11.83,11.93,57700,11.273827
2013-07-23,12.12,12.12,11.90,11.93,124800,11.273827
2013-07-22,12.14,12.19,12.09,12.09,310600,11.425026
2013-07-19,12.38,12.41,12.30,12.32,937600,11.642375
2013-07-18,12.17,12.17,12.04,12.10,113900,11.434476
2013-07-17,12.43,12.62,12.43,12.59,84600,11.897525
2013-07-16,12.29,12.38,12.21,12.32,75400,11.642375
2013-07-15,12.23,12.34,12.22,12.29,84000,11.614026
2013-07-12,11.95,12.11,11.95,12.06,103000,11.396677
2013-07-11,11.69,11.82,11.61,11.79,115200,11.141527
2013-07-10,11.15,11.15,11.01,11.07,88200,10.461128
2013-07-09,11.22,11.28,11.16,11.27,160500,10.650128
2013-07-08,11.08,11.21,11.08,11.20,106300,10.583978
2013-07-05,11.25,11.25,11.16,11.21,977300,10.593428
2013-07-03,11.23,11.32,11.18,11.27,5266500,10.650128
2013-07-02,11.40,11.47,11.28,11.37,638300,10.744627
2013-07-01,11.53,11.65,11.52,11.62,305100,10.980877
2013-06-28,11.30,11.48,11.24,11.48,774900,10.848577
2013-06-27,11.29,11.48,11.29,11.48,268200,10.848577
2013-06-26,11.00,11.30,11.00,11.20,227200,10.583978
2013-06-25,10.97,11.03,10.86,10.92,204100,10.319379
2013-06-24,10.97,11.04,10.71,10.95,224700,10.347728
2013-06-21,11.28,11.33,11.00,11.20,244000,10.583978
2013-06-20,11.12,11.22,10.85,10.86,303900,10.262678
2013-06-19,11.72,11.77,11.50,11.53,274500,10.895827
2013-06-18,12.02,12.12,11.97,11.97,359900,11.311627
2013-06-17,12.02,12.08,11.92,11.94,98400,11.283276
2013-06-14,11.73,11.89,11.73,11.74,119500,11.094277
2013-06-13,11.32,11.70,11.32,11.58,157300,10.943077
2013-06-12,11.78,11.80,11.63,11.65,132100,11.009227
2013-06-11,11.63,11.76,11.57,11.72,243000,11.075377
2013-06-10,12.19,12.21,12.04,12.06,447200,11.396677
2013-06-07,12.31,12.38,12.24,12.36,204700,11.680175
2013-06-06,12.01,12.28,11.95,12.22,111200,11.547876
2013-06-05,12.26,12.26,12.00,12.00,72700,11.339976
2013-06-04,12.51,12.54,12.30,12.40,368500,11.717975
2013-06-03,12.38,12.58,12.34,12.49,151900,11.803025
2013-05-31,12.35,12.47,12.24,12.24,82700,11.566776
2013-05-30,12.56,12.73,12.52,12.64,104600,11.944775
2013-05-29,12.82,12.82,12.65,12.69,112000,11.992025
2013-05-28,13.33,13.39,13.06,13.06,185700,12.341675
2013-05-24,13.20,13.30,13.17,13.27,235600,12.540124
2013-05-23,13.57,13.60,13.25,13.59,241600,12.842523
2013-05-22,14.19,14.37,14.02,14.02,283700,13.248873
2013-05-21,13.97,14.12,13.95,14.07,220200,13.296122
2013-05-20,13.60,13.79,13.60,13.76,77200,13.003173
2013-05-17,13.45,13.51,13.40,13.48,592700,12.738573
2013-05-16,13.17,13.22,12.75,13.07,232200,12.351124
2013-05-15,13.18,13.26,13.14,13.26,77800,12.530674
2013-05-14,13.27,13.38,13.27,13.30,1124300,12.568474
2013-05-13,13.31,13.36,13.25,13.30,110100,12.568474
2013-05-10,13.29,13.56,13.22,13.35,158600,12.615724
2013-05-09,13.33,13.45,13.30,13.35,171300,12.615724
2013-05-08,13.54,13.76,13.54,13.71,335000,12.955923
2013-05-07,13.62,13.71,13.53,13.66,131500,12.908673
2013-05-06,13.27,13.34,13.24,13.29,68900,12.559024
2013-05-03,13.34,13.40,13.30,13.33,142000,12.596824
2013-05-02,12.95,13.20,12.92,13.07,100700,12.351124
2013-05-01,13.04,13.11,12.84,12.86,479100,12.152674
2013-04-30,12.72,12.91,12.68,12.86,310100,12.152674
2013-04-29,12.30,12.35,12.24,12.32,122400,11.642375
2013-04-26,12.31,12.32,12.21,12.30,75000,11.623476
2013-04-25,12.40,12.45,12.34,12.35,113100,11.670726
2013-04-24,12.50,12.59,12.43,12.57,142500,11.878625
2013-04-23,12.06,12.29,12.04,12.29,657600,11.614026
2013-04-22,12.01,12.11,12.01,12.08,152400,11.415576
2013-04-19,12.26,12.32,12.14,12.20,223500,11.528976
2013-04-18,12.10,12.20,11.99,12.17,153000,11.500626
2013-04-17,12.00,12.01,11.86,11.88,665400,11.226577
2013-04-16,12.30,12.35,12.22,12.31,81800,11.632926
2013-04-15,12.27,12.27,11.99,12.02,109000,11.358877
2013-04-12,12.75,12.83,12.64,12.73,438900,12.029824
2013-04-11,13.06,13.11,12.98,13.05,105100,12.332224
2013-04-10,13.03,13.21,13.03,13.14,180500,12.417274
2013-04-09,12.92,13.10,12.81,13.07,638100,12.351124
2013-04-08,12.77,12.91,12.73,12.91,63400,12.199924
2013-04-05,12.44,12.65,12.44,12.65,270200,11.954225
2013-04-04,12.60,12.73,12.57,12.62,298700,11.925875
2013-04-03,12.51,12.62,12.40,12.40,399900,11.717975
2013-04-02,12.60,12.75,12.60,12.70,274200,12.001475
2013-04-01,12.78,12.79,12.59,12.59,206900,11.897525
2013-03-28,12.64,12.88,12.64,12.75,227200,12.048725
2013-03-27,12.46,12.50,12.34,12.45,5432300,11.765225
2013-03-26,12.63,12.73,12.57,12.73,142900,12.029824
2013-03-25,13.01,13.01,12.62,12.70,249300,12.001475
2013-03-22,12.92,12.94,12.85,12.87,122600,12.162124
2013-03-21,13.26,13.27,13.08,13.09,660800,12.370024
2013-03-20,13.25,13.45,13.25,13.42,453000,12.681874
2013-03-19,13.02,13.10,12.77,12.85,296200,12.143225
2013-03-18,12.93,13.11,12.86,12.95,134800,12.237724
2013-03-15,13.78,13.79,13.62,13.70,1120800,12.946473
2013-03-14,13.65,13.85,13.65,13.84,91800,13.078773
2013-03-13,13.75,13.78,13.57,13.59,85100,12.842523
2013-03-12,13.83,13.93,13.78,13.84,264800,13.078773
2013-03-11,14.00,14.08,13.96,13.98,243300,13.211072
2013-03-08,14.21,14.30,14.11,14.30,167000,13.513472
2013-03-07,13.76,13.86,13.72,13.85,115600,13.088223
2013-03-06,13.90,13.92,13.78,13.92,159800,13.154373
2013-03-05,13.64,13.74,13.60,13.67,347700,12.918123
2013-03-04,13.40,13.52,13.31,13.52,247100,12.776374
2013-03-01,13.45,13.58,13.42,13.50,142700,12.757473
2013-02-28,13.69,13.83,13.69,13.79,165800,13.031523
2013-02-27,13.46,13.73,13.46,13.73,142000,12.974822
2013-02-26,13.65,13.75,13.61,13.75,98800,12.993723
2013-02-25,14.17,14.20,13.80,13.80,45200,13.040973
2013-02-22,14.07,14.13,14.01,14.10,127200,13.324473
2013-02-21,14.17,14.20,14.04,14.18,166700,13.400072
2013-02-20,14.50,14.57,14.21,14.30,660100,13.513472
2013-02-19,14.47,14.59,14.47,14.57,181200,13.768621
2013-02-15,14.10,14.10,14.00,14.05,92900,13.277222
2013-02-14,14.33,14.49,14.32,14.46,110000,13.664671
2013-02-13,14.53,14.61,14.48,14.50,131700,13.702471
2013-02-12,14.51,14.72,14.51,14.67,91000,13.863121
2013-02-11,14.31,14.31,14.19,14.25,249900,13.466222
2013-02-08,14.26,14.35,14.22,14.24,349800,13.456772
2013-02-07,14.15,14.15,13.90,14.03,110200,13.258322
2013-02-06,14.30,14.30,14.20,14.27,158800,13.485122
2013-02-05,14.36,14.50,14.36,14.43,1175900,13.636322
2013-02-04,14.33,14.40,14.25,14.30,562200,13.513472
2013-02-01,14.59,14.62,14.40,14.62,390500,13.815871
2013-01-31,14.67,14.85,14.67,14.73,291900,13.91982
2013-01-30,14.35,14.44,14.33,14.35,435000,13.560722
2013-01-29,14.24,14.35,14.19,14.32,105900,13.532371
2013-01-28,14.27,14.31,14.21,14.28,107000,13.494572
2013-01-25,13.82,13.90,13.80,13.90,328700,13.135472
2013-01-24,13.66,13.74,13.60,13.60,227700,12.851974
2013-01-23,13.70,13.76,13.63,13.71,756700,12.955923
2013-01-22,13.61,13.70,13.56,13.68,338800,12.927573
2013-01-18,13.67,13.77,13.67,13.77,342700,13.012623
2013-01-17,13.39,13.55,13.37,13.45,125900,12.710223
2013-01-16,13.20,13.27,13.17,13.21,121100,12.483424
2013-01-15,13.25,13.32,13.25,13.32,162600,12.587373
2013-01-14,13.38,13.52,13.36,13.50,130500,12.757473
2013-01-11,13.20,13.24,13.16,13.23,113700,12.502323
2013-01-10,13.05,13.23,13.04,13.23,282500,12.502323
2013-01-09,12.95,13.05,12.89,12.93,609700,12.218825
2013-01-08,13.00,13.11,12.98,13.07,378900,12.351124
2013-01-07,13.08,13.10,13.00,13.01,79900,12.294425
2013-01-04,13.15,13.29,13.13,13.25,786800,12.521224
2013-01-03,13.23,13.33,13.15,13.15,1033600,12.426724
2013-01-02,12.99,13.09,12.75,13.05,437900,12.332224
2012-12-31,12.15,12.57,12.15,12.56,64400,11.869176
2012-12-28,12.17,12.37,12.16,12.32,101600,11.642375
2012-12-27,12.15,12.28,12.06,12.27,127000,11.595126
2012-12-26,12.02,12.10,12.00,12.06,91500,11.396677
2012-12-24,11.95,12.10,11.95,12.06,127700,11.396677
2012-12-21,12.05,12.09,11.95,11.96,370000,11.302176
2012-12-20,12.27,12.34,12.26,12.29,789600,11.614026
2012-12-19,12.34,12.35,12.21,12.25,330700,11.576226
2012-12-18,12.25,12.39,12.23,12.31,337900,11.632926
2012-12-17,12.02,12.14,12.02,12.10,491300,11.434476
2012-12-14,12.11,12.18,12.10,12.15,584300,11.481726
2012-12-13,12.11,12.15,11.98,11.98,270000,11.321076
2012-12-12,12.23,12.35,12.16,12.18,642400,11.510076
2012-12-11,12.16,12.26,12.15,12.24,631500,11.566776
2012-12-10,12.12,12.28,12.11,12.11,725500,11.443926
2012-12-07,12.03,12.14,12.01,12.05,67700,11.387226
2012-12-06,12.07,12.15,12.04,12.14,298300,11.472276
2012-12-05,12.16,12.28,12.15,12.21,538000,11.538426
2012-12-04,11.82,11.94,11.82,11.93,145100,11.273827
2012-12-03,12.00,12.01,11.85,11.88,181700,11.226577
2012-11-30,11.79,11.83,11.66,11.80,162800,11.150977
2012-11-29,11.42,11.45,11.30,11.38,134900,10.754078
2012-11-28,11.44,11.44,11.23,11.38,251200,10.754078
2012-11-27,11.53,11.55,11.44,11.47,98700,10.839128
2012-11-26,11.53,11.58,11.47,11.51,97200,10.876927
2012-11-23,11.48,11.70,11.47,11.68,45500,11.037577
2012-11-21,11.31,11.34,11.21,11.22,227200,10.602878
2012-11-20,11.10,11.15,11.06,11.10,123000,10.489478
2012-11-19,11.12,11.15,11.04,11.07,636900,10.461128
2012-11-16,10.87,10.95,10.76,10.89,173600,10.291029
2012-11-15,10.87,10.96,10.76,10.84,187600,10.243779
2012-11-14,10.78,10.78,10.52,10.54,316200,9.960279
2012-11-13,10.60,10.71,10.57,10.60,116100,10.016979
2012-11-12,11.00,11.03,10.87,10.99,825500,10.385528
2012-11-09,10.87,11.00,10.76,10.93,210400,10.328829
2012-11-08,10.94,11.17,10.77,10.78,298000,10.187078
2012-11-07,11.51,11.51,11.36,11.43,404600,10.801328
2012-11-06,11.61,11.74,11.57,11.70,171300,11.056477
2012-11-05,11.55,11.64,11.53,11.57,116600,10.933627
2012-11-02,11.78,11.84,11.61,11.65,78800,11.009227
2012-11-01,11.66,11.85,11.66,11.85,40200,11.198227
2012-10-31,11.82,11.83,11.65,11.65,96500,11.009227
2012-10-26,11.77,11.80,11.65,11.76,148200,11.113177
2012-10-25,11.99,12.00,11.80,11.88,361700,11.226577
2012-10-24,11.99,12.01,11.83,11.88,184800,11.226577
2012-10-23,11.97,12.00,11.90,12.00,168400,11.339976
2012-10-22,12.16,12.21,12.08,12.13,76000,11.462826
2012-10-19,12.15,12.19,12.02,12.03,286900,11.368326
2012-10-18,12.16,12.27,12.15,12.23,174400,11.557325
2012-10-17,12.16,12.21,12.10,12.10,436400,11.434476
2012-10-16,11.99,12.06,11.90,12.06,119300,11.396677
2012-10-15,11.83,11.95,11.70,11.77,61000,11.122627
2012-10-12,11.87,11.90,11.78,11.84,49800,11.188777
2012-10-11,12.01,12.05,11.94,11.96,96700,11.302176
2012-10-10,11.94,11.94,11.80,11.91,46400,11.254926
2012-10-09,11.96,12.02,11.84,11.87,100000,11.217126
2012-10-08,11.86,12.00,11.86,12.00,47200,11.339976
2012-10-05,12.14,12.20,11.97,11.98,147000,11.321076
2012-10-04,11.79,12.00,11.75,11.98,454400,11.321076
2012-10-03,11.91,11.95,11.75,11.78,314100,11.132076
2012-10-02,11.82,11.89,11.78,11.79,151800,11.141527
2012-10-01,11.89,12.00,11.76,11.78,206800,11.132076
2012-09-28,11.76,11.98,11.63,11.65,325300,11.009227
2012-09-27,11.63,11.82,11.51,11.81,105800,11.160427
2012-09-26,11.81,11.87,11.61,11.68,348800,11.037577
2012-09-25,12.12,12.23,11.93,11.93,281900,11.273827
2012-09-24,12.10,12.29,12.08,12.27,112300,11.595126
2012-09-21,12.19,12.34,12.10,12.16,117000,11.491176
2012-09-20,12.04,12.17,11.99,12.15,923800,11.481726
2012-09-19,12.15,12.20,12.00,12.05,965900,11.387226
2012-09-18,12.36,12.44,12.25,12.38,1749100,11.699076
2012-09-17,12.58,12.64,12.34,12.42,538400,11.736876
2012-09-14,12.79,12.87,12.26,12.68,598400,11.982575
2012-09-13,11.81,12.33,11.81,12.27,690900,11.595126
2012-09-12,12.00,12.01,11.87,11.93,94200,11.273827
2012-09-11,11.87,11.96,11.86,11.95,775400,11.292726
2012-09-10,11.92,11.99,11.84,11.86,61500,11.207676
2012-09-07,11.95,11.98,11.83,11.88,141000,11.226577
2012-09-06,11.72,11.81,11.67,11.80,108000,11.150977
2012-09-05,11.46,11.56,11.42,11.55,101900,10.914727
2012-09-04,11.64,11.70,11.51,11.59,130400,10.952527
2012-08-31,11.55,11.62,11.46,11.54,192400,10.905277
2012-08-30,11.60,11.64,11.45,11.53,55700,10.895827
2012-08-29,11.83,11.87,11.73,11.76,200800,11.113177
2012-08-28,11.76,11.86,11.76,11.82,35100,11.169876
2012-08-27,11.72,11.74,11.63,11.63,109300,10.990327
2012-08-24,11.65,11.80,11.63,11.74,36000,11.094277
2012-08-23,11.80,11.82,11.63,11.63,63100,10.990327
2012-08-22,11.61,11.80,11.60,11.77,111700,11.122627
2012-08-21,11.77,11.83,11.69,11.73,381300,11.084826
2012-08-20,11.50,11.58,11.45,11.53,56300,10.895827
2012-08-17,11.70,11.70,11.50,11.63,53000,10.990327
2012-08-16,11.70,11.81,11.61,11.81,184800,11.160427
2012-08-15,11.62,11.78,11.58,11.73,75300,11.084826
2012-08-14,11.81,11.84,11.65,11.66,103000,11.018677
2012-08-13,11.90,11.91,11.68,11.80,222600,11.150977
2012-08-10,11.58,11.84,11.58,11.84,40700,11.188777
2012-08-09,11.84,11.94,11.80,11.87,130700,11.217126
2012-08-08,11.76,12.05,11.76,11.99,101500,11.330526
2012-08-07,11.90,12.01,11.90,11.96,163000,11.302176
2012-08-06,11.76,11.87,11.74,11.77,57800,11.122627
2012-08-03,11.34,11.55,11.34,11.53,162500,10.895827
2012-08-02,10.82,11.04,10.70,10.87,197100,10.272128
2012-08-01,11.26,11.26,11.00,11.04,288200,10.432778
2012-07-31,11.20,11.25,11.12,11.14,69900,10.527278
2012-07-30,11.43,11.47,11.34,11.35,57300,10.725728
2012-07-27,11.13,11.64,11.13,11.60,575600,10.961977
2012-07-26,10.96,11.10,10.94,11.10,488900,10.489478
2012-07-25,10.66,10.72,10.54,10.68,104100,10.092579
2012-07-24,10.52,10.52,10.18,10.25,106700,9.68623
2012-07-23,10.71,10.71,10.48,10.65,23400,10.064229
2012-07-20,11.31,11.34,11.21,11.28,65300,10.659577
2012-07-19,11.56,11.66,11.54,11.57,47900,10.933627
2012-07-18,11.31,11.48,11.31,11.46,90200,10.829677
2012-07-17,11.36,11.44,11.25,11.39,58900,10.763528
2012-07-16,11.16,11.28,11.15,11.21,150700,10.593428
2012-07-13,10.95,11.27,10.95,11.19,63600,10.574528
2012-07-12,10.92,11.06,10.89,10.95,77800,10.347728
2012-07-11,10.96,11.16,10.96,11.16,44300,10.546178
2012-07-10,11.17,11.25,10.95,10.96,274800,10.357178
2012-07-09,10.93,11.01,10.88,10.98,39300,10.376078
2012-07-06,10.90,11.05,10.87,10.97,257000,10.366629
2012-07-05,11.29,11.31,11.14,11.30,419400,10.678478
2012-07-03,10.94,11.43,10.94,11.40,64000,10.772977
2012-07-02,10.80,10.92,10.78,10.92,43900,10.319379
2012-06-29,10.58,10.82,10.58,10.82,119900,10.224878
2012-06-28,10.17,10.18,9.96,10.12,107200,9.56338
2012-06-27,10.29,10.31,10.22,10.30,67200,9.73348
2012-06-26,10.22,10.29,10.13,10.24,289200,9.67678
2012-06-25,9.99,10.00,9.91,9.95,913500,9.40273
2012-06-22,10.19,10.37,10.10,10.35,232000,9.78073
2012-06-21,10.50,10.51,10.07,10.28,740900,9.714579
2012-06-20,10.63,10.68,10.48,10.48,80600,9.903579
2012-06-19,10.65,10.87,10.58,10.75,124300,10.158729
2012-06-18,10.57,10.70,10.54,10.57,87200,9.988629
2012-06-15,10.32,10.55,10.32,10.55,337600,9.969729
2012-06-14,10.19,10.33,10.19,10.31,95800,9.74293
2012-06-13,10.13,10.33,10.12,10.25,111100,9.68623
2012-06-12,10.25,10.37,10.22,10.26,178400,9.69568
2012-06-11,10.37,10.42,10.03,10.03,299000,9.47833
2012-06-08,9.99,10.20,9.95,10.18,391700,9.62008
2012-06-07,10.43,10.48,10.21,10.21,246200,9.64843
2012-06-06,9.88,10.07,9.85,10.07,138900,9.51613
2012-06-05,9.50,9.60,9.45,9.57,66000,9.043631
2012-06-04,9.34,9.53,9.30,9.53,101600,9.005831
2012-06-01,9.45,9.52,9.36,9.46,132900,8.939681
2012-05-31,9.90,9.96,9.71,9.91,183400,9.36493
2012-05-30,10.13,10.21,10.09,10.12,115900,9.56338
2012-05-29,10.51,10.55,10.36,10.47,170600,9.89413
2012-05-25,10.10,10.20,10.00,10.01,224600,9.45943
2012-05-24,10.27,10.35,10.18,10.30,887800,9.73348
2012-05-23,10.08,10.23,9.89,10.15,514000,9.59173
2012-05-22,10.56,10.72,10.56,10.56,1576200,9.97918
2012-05-21,10.44,10.64,10.38,10.60,162000,10.016979
2012-05-18,10.33,10.33,9.89,9.89,141000,9.346031
2012-05-17,10.65,10.67,10.12,10.23,195900,9.667329
2012-05-16,11.25,11.35,11.12,11.15,170000,10.536728
2012-05-15,11.51,11.64,11.42,11.49,102800,10.858027
2012-05-14,11.69,11.72,11.50,11.50,211900,10.867477
2012-05-11,11.95,12.17,11.95,12.01,150200,11.349427
2012-05-10,12.24,12.28,12.18,12.18,89500,11.510076
2012-05-09,11.83,12.00,11.80,11.97,80100,11.311627
2012-05-08,12.03,12.06,11.92,12.06,95100,11.396677
2012-05-07,12.15,12.15,11.88,12.01,190100,11.349427
2012-05-04,12.24,12.34,12.12,12.31,1500200,11.632926
2012-05-03,12.61,12.65,12.55,12.59,340300,11.897525
2012-05-02,12.80,12.87,12.68,12.76,599400,12.058175
2012-05-01,12.89,13.09,12.85,13.03,142700,12.313324
2012-04-30,12.86,12.96,12.85,12.91,245500,12.199924
2012-04-27,12.70,12.89,12.70,12.85,303900,12.143225
2012-04-26,12.59,12.85,12.59,12.85,118300,12.143225
2012-04-25,12.79,12.96,12.79,12.94,617700,12.228274
2012-04-24,12.55,12.81,12.55,12.80,147300,12.095975
2012-04-23,12.51,12.65,12.51,12.63,47700,11.935325
2012-04-20,12.86,12.98,12.86,12.91,46900,12.199924
2012-04-19,12.80,12.87,12.71,12.71,279600,12.010925
2012-04-18,12.61,12.70,12.56,12.60,342100,11.906975
2012-04-17,12.56,12.80,12.54,12.77,85800,12.067625
2012-04-16,12.52,12.55,12.38,12.46,34500,11.774675
2012-04-13,12.77,12.84,12.68,12.74,240300,12.039275
2012-04-12,12.61,12.85,12.61,12.83,161600,12.124325
2012-04-11,12.83,12.87,12.71,12.82,360300,12.114874
2012-04-10,12.84,12.84,12.42,12.43,60800,11.746326
2012-04-09,12.93,12.98,12.74,12.86,126300,11.884295
2012-04-05,12.97,13.23,12.94,13.09,257200,12.096845
2012-04-04,13.07,13.19,13.00,13.10,157400,12.106086
2012-04-03,13.43,13.47,13.21,13.22,152000,12.216982
2012-04-02,12.89,13.13,12.89,13.11,78800,12.115327
2012-03-30,12.97,13.39,12.88,13.39,717800,12.374084
2012-03-29,12.84,12.95,12.71,12.90,306600,11.92126
2012-03-28,13.29,13.29,12.90,12.96,168200,11.976708
2012-03-27,13.74,13.74,13.45,13.45,273600,12.429531
2012-03-26,13.75,13.89,13.75,13.87,139900,12.817665
2012-03-23,13.24,13.57,13.19,13.56,376400,12.531186
2012-03-22,13.11,13.11,12.92,13.02,160000,12.032156
2012-03-21,13.42,13.55,13.33,13.55,149300,12.521944
2012-03-20,13.50,13.59,13.28,13.31,54000,12.300154
2012-03-19,13.59,13.76,13.59,13.62,45300,12.586633
2012-03-16,13.72,13.88,13.60,13.75,134700,12.70677
2012-03-15,13.71,13.76,13.65,13.66,86000,12.623598
2012-03-14,14.05,14.10,13.79,13.88,73000,12.826907
2012-03-13,13.55,13.95,13.53,13.89,188200,12.836148
2012-03-12,13.42,13.53,13.40,13.52,124400,12.494221
2012-03-09,13.58,13.65,13.55,13.55,101300,12.521944
2012-03-08,13.40,13.59,13.40,13.52,386800,12.494221
2012-03-07,13.11,13.26,13.08,13.15,615800,12.152292
2012-03-06,13.20,13.23,13.02,13.05,307400,12.05988
2012-03-05,13.97,13.97,13.80,13.80,445200,12.752976
2012-03-02,13.85,14.05,13.85,14.04,130800,12.974767
2012-03-01,13.66,13.90,13.66,13.90,122500,12.845389
2012-02-29,13.74,13.87,13.61,13.70,416900,12.660563
2012-02-28,13.58,13.74,13.54,13.74,91600,12.697528
2012-02-27,13.77,13.90,13.71,13.83,87200,12.7807
2012-02-24,13.55,13.73,13.49,13.55,290100,12.521944
2012-02-23,12.93,13.00,12.86,13.00,104300,12.013673
2012-02-22,12.95,13.04,12.90,12.92,72100,11.939743
2012-02-21,13.01,13.08,12.95,13.06,133100,12.069121
2012-02-17,13.00,13.02,12.85,13.00,142500,12.013673
2012-02-16,12.80,13.05,12.76,12.94,231600,11.958225
2012-02-15,12.99,13.06,12.80,12.83,63400,11.856571
2012-02-14,12.86,12.93,12.75,12.84,811100,11.865813
2012-02-13,12.94,12.94,12.85,12.90,181300,11.92126
2012-02-10,12.51,12.65,12.50,12.57,132400,11.616298
2012-02-09,12.88,12.88,12.80,12.85,132500,11.875054
2012-02-08,12.78,12.93,12.78,12.89,154100,11.912019
2012-02-07,12.64,12.81,12.56,12.75,762400,11.782641
2012-02-06,12.46,12.58,12.46,12.51,253900,11.56085
2012-02-03,12.52,12.70,12.46,12.67,314900,11.708711
2012-02-02,12.35,12.40,12.25,12.31,154700,11.376025
2012-02-01,12.30,12.45,12.21,12.35,326600,11.41299
2012-01-31,11.99,12.04,11.91,12.00,108300,11.089545
2012-01-30,11.80,11.99,11.74,11.96,484700,11.052579
2012-01-27,11.99,12.20,11.99,12.19,119800,11.265129
2012-01-26,12.04,12.07,11.85,11.94,559400,11.034096
2012-01-25,11.53,11.69,11.41,11.69,84700,10.803064
2012-01-24,11.14,11.29,11.07,11.29,130100,10.433413
2012-01-23,11.00,11.18,10.98,11.10,426500,10.257829
2012-01-20,10.96,11.15,10.88,11.10,88100,10.257829
2012-01-19,10.96,11.13,10.96,11.00,99300,10.165416
2012-01-18,10.76,10.99,10.76,10.99,76900,10.156174
2012-01-17,10.71,10.83,10.61,10.66,149600,9.851212
